country,country_serial,metric,unit,sector,sub_sector,sub_sub_sector,source_link,source,2000,2001,2002,2003,2004,2005,2006,2007,2008,2009,2010,2011,2012,2013,2014,2015,2016,2017,2018,2019,2020,2021,2022,2023,2024
Algeria,1,Multinational - Nigeria-Niger-Benin-Burkina Faso Power Interconnection Project,36500000,Power,Sovereign,Implementation,https://africa-energy-portal.org/aep/country/algeria,Africa Energy Portal,,,,,,,,,,,,,,,,,,,36500000,,,,,,
Algeria,1,Djibouti – Geothermal Exploration Project in the Lake Assal Region,10740000,Power,Sovereign,Implementation,https://africa-energy-portal.org/aep/country/algeria,Africa Energy Portal,,,,,,,,,,,,,,,,,,,10740000,,,,,,
Algeria,1,Multinational - Projet d’interconnexion électrique Cameroun- Tchad (composante Tchad),27500000,Power,Sovereign,Implementation,https://africa-energy-portal.org/aep/country/algeria,Africa Energy Portal,,,,,,,,,,,,,,,,,,,27500000,,,,,,
Algeria,1,Madagascar - Etude de faisabilité du projet de renforcement et d'interconnexion des réseaux de transport d'énergie électrique,1000000,Power,Sovereign,Implementation,https://africa-energy-portal.org/aep/country/algeria,Africa Energy Portal,,,,,,,,,,,,,,,,,,,1000000,,,,,,
Algeria,1,Multinational - 225KV Guinea-Mali Electricity Interconnection Project,30000000,Power,Sovereign,Implementation,https://africa-energy-portal.org/aep/country/algeria,Africa Energy Portal,,,,,,,,,,,,,,,,,,,30000000,,,,,,
Algeria,1,Mali - Mini Hydropower Plants and Related Distribution Networks Development Project (PDM-Hydro),20000000,Power,Sovereign,Implementation,https://africa-energy-portal.org/aep/country/algeria,Africa Energy Portal,,,,,,,,,,,,,,,,,,,20000000,,,,,,
Angola,2,Multinational - Nigeria-Niger-Benin-Burkina Faso Power Interconnection Project,36500000,Power,Sovereign,Implementation,https://africa-energy-portal.org/aep/country/angola,Africa Energy Portal,,,,,,,,,,,,,,,,,,,36500000,,,,,,
Angola,2,Djibouti – Geothermal Exploration Project in the Lake Assal Region,10740000,Power,Sovereign,Implementation,https://africa-energy-portal.org/aep/country/angola,Africa Energy Portal,,,,,,,,,,,,,,,,,,,10740000,,,,,,
Angola,2,Multinational - Projet d’interconnexion électrique Cameroun- Tchad (composante Tchad),27500000,Power,Sovereign,Implementation,https://africa-energy-portal.org/aep/country/angola,Africa Energy Portal,,,,,,,,,,,,,,,,,,,27500000,,,,,,
Angola,2,Madagascar - Etude de faisabilité du projet de renforcement et d'interconnexion des réseaux de transport d'énergie électrique,1000000,Power,Sovereign,Implementation,https://africa-energy-portal.org/aep/country/angola,Africa Energy Portal,,,,,,,,,,,,,,,,,,,1000000,,,,,,
Angola,2,Multinational - 225KV Guinea-Mali Electricity Interconnection Project,30000000,Power,Sovereign,Implementation,https://africa-energy-portal.org/aep/country/angola,Africa Energy Portal,,,,,,,,,,,,,,,,,,,30000000,,,,,,
Angola,2,Mali - Mini Hydropower Plants and Related Distribution Networks Development Project (PDM-Hydro),20000000,Power,Sovereign,Implementation,https://africa-energy-portal.org/aep/country/angola,Africa Energy Portal,,,,,,,,,,,,,,,,,,,20000000,,,,,,
Benin,3,Multinational - Nigeria-Niger-Benin-Burkina Faso Power Interconnection Project,36500000,Power,Sovereign,Implementation,https://africa-energy-portal.org/aep/country/benin,Africa Energy Portal,,,,,,,,,,,,,,,,,,,36500000,,,,,,
Benin,3,Djibouti – Geothermal Exploration Project in the Lake Assal Region,10740000,Power,Sovereign,Implementation,https://africa-energy-portal.org/aep/country/benin,Africa Energy Portal,,,,,,,,,,,,,,,,,,,10740000,,,,,,
Benin,3,Multinational - Projet d’interconnexion électrique Cameroun- Tchad (composante Tchad),27500000,Power,Sovereign,Implementation,https://africa-energy-portal.org/aep/country/benin,Africa Energy Portal,,,,,,,,,,,,,,,,,,,27500000,,,,,,
Benin,3,Madagascar - Etude de faisabilité du projet de renforcement et d'interconnexion des réseaux de transport d'énergie électrique,1000000,Power,Sovereign,Implementation,https://africa-energy-portal.org/aep/country/benin,Africa Energy Portal,,,,,,,,,,,,,,,,,,,1000000,,,,,,
Benin,3,Multinational - 225KV Guinea-Mali Electricity Interconnection Project,30000000,Power,Sovereign,Implementation,https://africa-energy-portal.org/aep/country/benin,Africa Energy Portal,,,,,,,,,,,,,,,,,,,30000000,,,,,,
Benin,3,Mali - Mini Hydropower Plants and Related Distribution Networks Development Project (PDM-Hydro),20000000,Power,Sovereign,Implementation,https://africa-energy-portal.org/aep/country/benin,Africa Energy Portal,,,,,,,,,,,,,,,,,,,20000000,,,,,,
Botswana,4,Multinational - Nigeria-Niger-Benin-Burkina Faso Power Interconnection Project,36500000,Power,Sovereign,Implementation,https://africa-energy-portal.org/aep/country/botswana,Africa Energy Portal,,,,,,,,,,,,,,,,,,,36500000,,,,,,
Botswana,4,Djibouti – Geothermal Exploration Project in the Lake Assal Region,10740000,Power,Sovereign,Implementation,https://africa-energy-portal.org/aep/country/botswana,Africa Energy Portal,,,,,,,,,,,,,,,,,,,10740000,,,,,,
Botswana,4,Multinational - Projet d’interconnexion électrique Cameroun- Tchad (composante Tchad),27500000,Power,Sovereign,Implementation,https://africa-energy-portal.org/aep/country/botswana,Africa Energy Portal,,,,,,,,,,,,,,,,,,,27500000,,,,,,
Botswana,4,Madagascar - Etude de faisabilité du projet de renforcement et d'interconnexion des réseaux de transport d'énergie électrique,1000000,Power,Sovereign,Implementation,https://africa-energy-portal.org/aep/country/botswana,Africa Energy Portal,,,,,,,,,,,,,,,,,,,1000000,,,,,,
Botswana,4,Multinational - 225KV Guinea-Mali Electricity Interconnection Project,30000000,Power,Sovereign,Implementation,https://africa-energy-portal.org/aep/country/botswana,Africa Energy Portal,,,,,,,,,,,,,,,,,,,30000000,,,,,,
Botswana,4,Mali - Mini Hydropower Plants and Related Distribution Networks Development Project (PDM-Hydro),20000000,Power,Sovereign,Implementation,https://africa-energy-portal.org/aep/country/botswana,Africa Energy Portal,,,,,,,,,,,,,,,,,,,20000000,,,,,,
Burkina Faso,5,Multinational - Nigeria-Niger-Benin-Burkina Faso Power Interconnection Project,36500000,Power,Sovereign,Implementation,https://africa-energy-portal.org/aep/country/burkina-faso,Africa Energy Portal,,,,,,,,,,,,,,,,,,,36500000,,,,,,
Burkina Faso,5,Djibouti – Geothermal Exploration Project in the Lake Assal Region,10740000,Power,Sovereign,Implementation,https://africa-energy-portal.org/aep/country/burkina-faso,Africa Energy Portal,,,,,,,,,,,,,,,,,,,10740000,,,,,,
Burkina Faso,5,Multinational - Projet d’interconnexion électrique Cameroun- Tchad (composante Tchad),27500000,Power,Sovereign,Implementation,https://africa-energy-portal.org/aep/country/burkina-faso,Africa Energy Portal,,,,,,,,,,,,,,,,,,,27500000,,,,,,
Burkina Faso,5,Madagascar - Etude de faisabilité du projet de renforcement et d'interconnexion des réseaux de transport d'énergie électrique,1000000,Power,Sovereign,Implementation,https://africa-energy-portal.org/aep/country/burkina-faso,Africa Energy Portal,,,,,,,,,,,,,,,,,,,1000000,,,,,,
Burkina Faso,5,Multinational - 225KV Guinea-Mali Electricity Interconnection Project,30000000,Power,Sovereign,Implementation,https://africa-energy-portal.org/aep/country/burkina-faso,Africa Energy Portal,,,,,,,,,,,,,,,,,,,30000000,,,,,,
Burkina Faso,5,Mali - Mini Hydropower Plants and Related Distribution Networks Development Project (PDM-Hydro),20000000,Power,Sovereign,Implementation,https://africa-energy-portal.org/aep/country/burkina-faso,Africa Energy Portal,,,,,,,,,,,,,,,,,,,20000000,,,,,,
Burundi,6,Multinational - Nigeria-Niger-Benin-Burkina Faso Power Interconnection Project,36500000,Power,Sovereign,Implementation,https://africa-energy-portal.org/aep/country/burundi,Africa Energy Portal,,,,,,,,,,,,,,,,,,,36500000,,,,,,
Burundi,6,Djibouti – Geothermal Exploration Project in the Lake Assal Region,10740000,Power,Sovereign,Implementation,https://africa-energy-portal.org/aep/country/burundi,Africa Energy Portal,,,,,,,,,,,,,,,,,,,10740000,,,,,,
Burundi,6,Multinational - Projet d’interconnexion électrique Cameroun- Tchad (composante Tchad),27500000,Power,Sovereign,Implementation,https://africa-energy-portal.org/aep/country/burundi,Africa Energy Portal,,,,,,,,,,,,,,,,,,,27500000,,,,,,
Burundi,6,Madagascar - Etude de faisabilité du projet de renforcement et d'interconnexion des réseaux de transport d'énergie électrique,1000000,Power,Sovereign,Implementation,https://africa-energy-portal.org/aep/country/burundi,Africa Energy Portal,,,,,,,,,,,,,,,,,,,1000000,,,,,,
Burundi,6,Multinational - 225KV Guinea-Mali Electricity Interconnection Project,30000000,Power,Sovereign,Implementation,https://africa-energy-portal.org/aep/country/burundi,Africa Energy Portal,,,,,,,,,,,,,,,,,,,30000000,,,,,,
Burundi,6,Mali - Mini Hydropower Plants and Related Distribution Networks Development Project (PDM-Hydro),20000000,Power,Sovereign,Implementation,https://africa-energy-portal.org/aep/country/burundi,Africa Energy Portal,,,,,,,,,,,,,,,,,,,20000000,,,,,,
Cameroon,7,Multinational - Nigeria-Niger-Benin-Burkina Faso Power Interconnection Project,36500000,Power,Sovereign,Implementation,https://africa-energy-portal.org/aep/country/cameroon,Africa Energy Portal,,,,,,,,,,,,,,,,,,,36500000,,,,,,
Cameroon,7,Djibouti – Geothermal Exploration Project in the Lake Assal Region,10740000,Power,Sovereign,Implementation,https://africa-energy-portal.org/aep/country/cameroon,Africa Energy Portal,,,,,,,,,,,,,,,,,,,10740000,,,,,,
Cameroon,7,Multinational - Projet d’interconnexion électrique Cameroun- Tchad (composante Tchad),27500000,Power,Sovereign,Implementation,https://africa-energy-portal.org/aep/country/cameroon,Africa Energy Portal,,,,,,,,,,,,,,,,,,,27500000,,,,,,
Cameroon,7,Madagascar - Etude de faisabilité du projet de renforcement et d'interconnexion des réseaux de transport d'énergie électrique,1000000,Power,Sovereign,Implementation,https://africa-energy-portal.org/aep/country/cameroon,Africa Energy Portal,,,,,,,,,,,,,,,,,,,1000000,,,,,,
Cameroon,7,Multinational - 225KV Guinea-Mali Electricity Interconnection Project,30000000,Power,Sovereign,Implementation,https://africa-energy-portal.org/aep/country/cameroon,Africa Energy Portal,,,,,,,,,,,,,,,,,,,30000000,,,,,,
Cameroon,7,Mali - Mini Hydropower Plants and Related Distribution Networks Development Project (PDM-Hydro),20000000,Power,Sovereign,Implementation,https://africa-energy-portal.org/aep/country/cameroon,Africa Energy Portal,,,,,,,,,,,,,,,,,,,20000000,,,,,,
Cape Verde,8,Multinational - Nigeria-Niger-Benin-Burkina Faso Power Interconnection Project,36500000,Power,Sovereign,Implementation,https://africa-energy-portal.org/aep/country/cape-verde,Africa Energy Portal,,,,,,,,,,,,,,,,,,,36500000,,,,,,
Cape Verde,8,Djibouti – Geothermal Exploration Project in the Lake Assal Region,10740000,Power,Sovereign,Implementation,https://africa-energy-portal.org/aep/country/cape-verde,Africa Energy Portal,,,,,,,,,,,,,,,,,,,10740000,,,,,,
Cape Verde,8,Multinational - Projet d’interconnexion électrique Cameroun- Tchad (composante Tchad),27500000,Power,Sovereign,Implementation,https://africa-energy-portal.org/aep/country/cape-verde,Africa Energy Portal,,,,,,,,,,,,,,,,,,,27500000,,,,,,
Cape Verde,8,Madagascar - Etude de faisabilité du projet de renforcement et d'interconnexion des réseaux de transport d'énergie électrique,1000000,Power,Sovereign,Implementation,https://africa-energy-portal.org/aep/country/cape-verde,Africa Energy Portal,,,,,,,,,,,,,,,,,,,1000000,,,,,,
Cape Verde,8,Multinational - 225KV Guinea-Mali Electricity Interconnection Project,30000000,Power,Sovereign,Implementation,https://africa-energy-portal.org/aep/country/cape-verde,Africa Energy Portal,,,,,,,,,,,,,,,,,,,30000000,,,,,,
Cape Verde,8,Mali - Mini Hydropower Plants and Related Distribution Networks Development Project (PDM-Hydro),20000000,Power,Sovereign,Implementation,https://africa-energy-portal.org/aep/country/cape-verde,Africa Energy Portal,,,,,,,,,,,,,,,,,,,20000000,,,,,,
Central African Republic,9,Multinational - Nigeria-Niger-Benin-Burkina Faso Power Interconnection Project,36500000,Power,Sovereign,Implementation,https://africa-energy-portal.org/aep/country/central-african-republic,Africa Energy Portal,,,,,,,,,,,,,,,,,,,36500000,,,,,,
Central African Republic,9,Djibouti – Geothermal Exploration Project in the Lake Assal Region,10740000,Power,Sovereign,Implementation,https://africa-energy-portal.org/aep/country/central-african-republic,Africa Energy Portal,,,,,,,,,,,,,,,,,,,10740000,,,,,,
Central African Republic,9,Multinational - Projet d’interconnexion électrique Cameroun- Tchad (composante Tchad),27500000,Power,Sovereign,Implementation,https://africa-energy-portal.org/aep/country/central-african-republic,Africa Energy Portal,,,,,,,,,,,,,,,,,,,27500000,,,,,,
Central African Republic,9,Madagascar - Etude de faisabilité du projet de renforcement et d'interconnexion des réseaux de transport d'énergie électrique,1000000,Power,Sovereign,Implementation,https://africa-energy-portal.org/aep/country/central-african-republic,Africa Energy Portal,,,,,,,,,,,,,,,,,,,1000000,,,,,,
Central African Republic,9,Multinational - 225KV Guinea-Mali Electricity Interconnection Project,30000000,Power,Sovereign,Implementation,https://africa-energy-portal.org/aep/country/central-african-republic,Africa Energy Portal,,,,,,,,,,,,,,,,,,,30000000,,,,,,
Central African Republic,9,Mali - Mini Hydropower Plants and Related Distribution Networks Development Project (PDM-Hydro),20000000,Power,Sovereign,Implementation,https://africa-energy-portal.org/aep/country/central-african-republic,Africa Energy Portal,,,,,,,,,,,,,,,,,,,20000000,,,,,,
Chad,10,Multinational - Nigeria-Niger-Benin-Burkina Faso Power Interconnection Project,36500000,Power,Sovereign,Implementation,https://africa-energy-portal.org/aep/country/chad,Africa Energy Portal,,,,,,,,,,,,,,,,,,,36500000,,,,,,
Chad,10,Djibouti – Geothermal Exploration Project in the Lake Assal Region,10740000,Power,Sovereign,Implementation,https://africa-energy-portal.org/aep/country/chad,Africa Energy Portal,,,,,,,,,,,,,,,,,,,10740000,,,,,,
Chad,10,Multinational - Projet d’interconnexion électrique Cameroun- Tchad (composante Tchad),27500000,Power,Sovereign,Implementation,https://africa-energy-portal.org/aep/country/chad,Africa Energy Portal,,,,,,,,,,,,,,,,,,,27500000,,,,,,
Chad,10,Madagascar - Etude de faisabilité du projet de renforcement et d'interconnexion des réseaux de transport d'énergie électrique,1000000,Power,Sovereign,Implementation,https://africa-energy-portal.org/aep/country/chad,Africa Energy Portal,,,,,,,,,,,,,,,,,,,1000000,,,,,,
Chad,10,Multinational - 225KV Guinea-Mali Electricity Interconnection Project,30000000,Power,Sovereign,Implementation,https://africa-energy-portal.org/aep/country/chad,Africa Energy Portal,,,,,,,,,,,,,,,,,,,30000000,,,,,,
Chad,10,Mali - Mini Hydropower Plants and Related Distribution Networks Development Project (PDM-Hydro),20000000,Power,Sovereign,Implementation,https://africa-energy-portal.org/aep/country/chad,Africa Energy Portal,,,,,,,,,,,,,,,,,,,20000000,,,,,,
Comoros,11,Multinational - Nigeria-Niger-Benin-Burkina Faso Power Interconnection Project,36500000,Power,Sovereign,Implementation,https://africa-energy-portal.org/aep/country/comoros,Africa Energy Portal,,,,,,,,,,,,,,,,,,,36500000,,,,,,
Comoros,11,Djibouti – Geothermal Exploration Project in the Lake Assal Region,10740000,Power,Sovereign,Implementation,https://africa-energy-portal.org/aep/country/comoros,Africa Energy Portal,,,,,,,,,,,,,,,,,,,10740000,,,,,,
Comoros,11,Multinational - Projet d’interconnexion électrique Cameroun- Tchad (composante Tchad),27500000,Power,Sovereign,Implementation,https://africa-energy-portal.org/aep/country/comoros,Africa Energy Portal,,,,,,,,,,,,,,,,,,,27500000,,,,,,
Comoros,11,Madagascar - Etude de faisabilité du projet de renforcement et d'interconnexion des réseaux de transport d'énergie électrique,1000000,Power,Sovereign,Implementation,https://africa-energy-portal.org/aep/country/comoros,Africa Energy Portal,,,,,,,,,,,,,,,,,,,1000000,,,,,,
Comoros,11,Multinational - 225KV Guinea-Mali Electricity Interconnection Project,30000000,Power,Sovereign,Implementation,https://africa-energy-portal.org/aep/country/comoros,Africa Energy Portal,,,,,,,,,,,,,,,,,,,30000000,,,,,,
Comoros,11,Mali - Mini Hydropower Plants and Related Distribution Networks Development Project (PDM-Hydro),20000000,Power,Sovereign,Implementation,https://africa-energy-portal.org/aep/country/comoros,Africa Energy Portal,,,,,,,,,,,,,,,,,,,20000000,,,,,,
Congo Democratic Republic,12,Multinational - Nigeria-Niger-Benin-Burkina Faso Power Interconnection Project,36500000,Power,Sovereign,Implementation,https://africa-energy-portal.org/aep/country/congo-democratic-republic,Africa Energy Portal,,,,,,,,,,,,,,,,,,,36500000,,,,,,
Congo Democratic Republic,12,Djibouti – Geothermal Exploration Project in the Lake Assal Region,10740000,Power,Sovereign,Implementation,https://africa-energy-portal.org/aep/country/congo-democratic-republic,Africa Energy Portal,,,,,,,,,,,,,,,,,,,10740000,,,,,,
Congo Democratic Republic,12,Multinational - Projet d’interconnexion électrique Cameroun- Tchad (composante Tchad),27500000,Power,Sovereign,Implementation,https://africa-energy-portal.org/aep/country/congo-democratic-republic,Africa Energy Portal,,,,,,,,,,,,,,,,,,,27500000,,,,,,
Congo Democratic Republic,12,Madagascar - Etude de faisabilité du projet de renforcement et d'interconnexion des réseaux de transport d'énergie électrique,1000000,Power,Sovereign,Implementation,https://africa-energy-portal.org/aep/country/congo-democratic-republic,Africa Energy Portal,,,,,,,,,,,,,,,,,,,1000000,,,,,,
Congo Democratic Republic,12,Multinational - 225KV Guinea-Mali Electricity Interconnection Project,30000000,Power,Sovereign,Implementation,https://africa-energy-portal.org/aep/country/congo-democratic-republic,Africa Energy Portal,,,,,,,,,,,,,,,,,,,30000000,,,,,,
Congo Democratic Republic,12,Mali - Mini Hydropower Plants and Related Distribution Networks Development Project (PDM-Hydro),20000000,Power,Sovereign,Implementation,https://africa-energy-portal.org/aep/country/congo-democratic-republic,Africa Energy Portal,,,,,,,,,,,,,,,,,,,20000000,,,,,,
Congo Republic,13,Multinational - Nigeria-Niger-Benin-Burkina Faso Power Interconnection Project,36500000,Power,Sovereign,Implementation,https://africa-energy-portal.org/aep/country/congo-republic,Africa Energy Portal,,,,,,,,,,,,,,,,,,,36500000,,,,,,
Congo Republic,13,Djibouti – Geothermal Exploration Project in the Lake Assal Region,10740000,Power,Sovereign,Implementation,https://africa-energy-portal.org/aep/country/congo-republic,Africa Energy Portal,,,,,,,,,,,,,,,,,,,10740000,,,,,,
Congo Republic,13,Multinational - Projet d’interconnexion électrique Cameroun- Tchad (composante Tchad),27500000,Power,Sovereign,Implementation,https://africa-energy-portal.org/aep/country/congo-republic,Africa Energy Portal,,,,,,,,,,,,,,,,,,,27500000,,,,,,
Congo Republic,13,Madagascar - Etude de faisabilité du projet de renforcement et d'interconnexion des réseaux de transport d'énergie électrique,1000000,Power,Sovereign,Implementation,https://africa-energy-portal.org/aep/country/congo-republic,Africa Energy Portal,,,,,,,,,,,,,,,,,,,1000000,,,,,,
Congo Republic,13,Multinational - 225KV Guinea-Mali Electricity Interconnection Project,30000000,Power,Sovereign,Implementation,https://africa-energy-portal.org/aep/country/congo-republic,Africa Energy Portal,,,,,,,,,,,,,,,,,,,30000000,,,,,,
Congo Republic,13,Mali - Mini Hydropower Plants and Related Distribution Networks Development Project (PDM-Hydro),20000000,Power,Sovereign,Implementation,https://africa-energy-portal.org/aep/country/congo-republic,Africa Energy Portal,,,,,,,,,,,,,,,,,,,20000000,,,,,,
Cote Divoire,14,Multinational - Nigeria-Niger-Benin-Burkina Faso Power Interconnection Project,36500000,Power,Sovereign,Implementation,https://africa-energy-portal.org/aep/country/cote-divoire,Africa Energy Portal,,,,,,,,,,,,,,,,,,,36500000,,,,,,
Cote Divoire,14,Djibouti – Geothermal Exploration Project in the Lake Assal Region,10740000,Power,Sovereign,Implementation,https://africa-energy-portal.org/aep/country/cote-divoire,Africa Energy Portal,,,,,,,,,,,,,,,,,,,10740000,,,,,,
Cote Divoire,14,Multinational - Projet d’interconnexion électrique Cameroun- Tchad (composante Tchad),27500000,Power,Sovereign,Implementation,https://africa-energy-portal.org/aep/country/cote-divoire,Africa Energy Portal,,,,,,,,,,,,,,,,,,,27500000,,,,,,
Cote Divoire,14,Madagascar - Etude de faisabilité du projet de renforcement et d'interconnexion des réseaux de transport d'énergie électrique,1000000,Power,Sovereign,Implementation,https://africa-energy-portal.org/aep/country/cote-divoire,Africa Energy Portal,,,,,,,,,,,,,,,,,,,1000000,,,,,,
Cote Divoire,14,Multinational - 225KV Guinea-Mali Electricity Interconnection Project,30000000,Power,Sovereign,Implementation,https://africa-energy-portal.org/aep/country/cote-divoire,Africa Energy Portal,,,,,,,,,,,,,,,,,,,30000000,,,,,,
Cote Divoire,14,Mali - Mini Hydropower Plants and Related Distribution Networks Development Project (PDM-Hydro),20000000,Power,Sovereign,Implementation,https://africa-energy-portal.org/aep/country/cote-divoire,Africa Energy Portal,,,,,,,,,,,,,,,,,,,20000000,,,,,,
Djibouti,15,Multinational - Nigeria-Niger-Benin-Burkina Faso Power Interconnection Project,36500000,Power,Sovereign,Implementation,https://africa-energy-portal.org/aep/country/djibouti,Africa Energy Portal,,,,,,,,,,,,,,,,,,,36500000,,,,,,
Djibouti,15,Djibouti – Geothermal Exploration Project in the Lake Assal Region,10740000,Power,Sovereign,Implementation,https://africa-energy-portal.org/aep/country/djibouti,Africa Energy Portal,,,,,,,,,,,,,,,,,,,10740000,,,,,,
Djibouti,15,Multinational - Projet d’interconnexion électrique Cameroun- Tchad (composante Tchad),27500000,Power,Sovereign,Implementation,https://africa-energy-portal.org/aep/country/djibouti,Africa Energy Portal,,,,,,,,,,,,,,,,,,,27500000,,,,,,
Djibouti,15,Madagascar - Etude de faisabilité du projet de renforcement et d'interconnexion des réseaux de transport d'énergie électrique,1000000,Power,Sovereign,Implementation,https://africa-energy-portal.org/aep/country/djibouti,Africa Energy Portal,,,,,,,,,,,,,,,,,,,1000000,,,,,,
Djibouti,15,Multinational - 225KV Guinea-Mali Electricity Interconnection Project,30000000,Power,Sovereign,Implementation,https://africa-energy-portal.org/aep/country/djibouti,Africa Energy Portal,,,,,,,,,,,,,,,,,,,30000000,,,,,,
Djibouti,15,Mali - Mini Hydropower Plants and Related Distribution Networks Development Project (PDM-Hydro),20000000,Power,Sovereign,Implementation,https://africa-energy-portal.org/aep/country/djibouti,Africa Energy Portal,,,,,,,,,,,,,,,,,,,20000000,,,,,,
Egypt,16,Multinational - Nigeria-Niger-Benin-Burkina Faso Power Interconnection Project,36500000,Power,Sovereign,Implementation,https://africa-energy-portal.org/aep/country/egypt,Africa Energy Portal,,,,,,,,,,,,,,,,,,,36500000,,,,,,
Egypt,16,Djibouti – Geothermal Exploration Project in the Lake Assal Region,10740000,Power,Sovereign,Implementation,https://africa-energy-portal.org/aep/country/egypt,Africa Energy Portal,,,,,,,,,,,,,,,,,,,10740000,,,,,,
Egypt,16,Multinational - Projet d’interconnexion électrique Cameroun- Tchad (composante Tchad),27500000,Power,Sovereign,Implementation,https://africa-energy-portal.org/aep/country/egypt,Africa Energy Portal,,,,,,,,,,,,,,,,,,,27500000,,,,,,
Egypt,16,Madagascar - Etude de faisabilité du projet de renforcement et d'interconnexion des réseaux de transport d'énergie électrique,1000000,Power,Sovereign,Implementation,https://africa-energy-portal.org/aep/country/egypt,Africa Energy Portal,,,,,,,,,,,,,,,,,,,1000000,,,,,,
Egypt,16,Multinational - 225KV Guinea-Mali Electricity Interconnection Project,30000000,Power,Sovereign,Implementation,https://africa-energy-portal.org/aep/country/egypt,Africa Energy Portal,,,,,,,,,,,,,,,,,,,30000000,,,,,,
Egypt,16,Mali - Mini Hydropower Plants and Related Distribution Networks Development Project (PDM-Hydro),20000000,Power,Sovereign,Implementation,https://africa-energy-portal.org/aep/country/egypt,Africa Energy Portal,,,,,,,,,,,,,,,,,,,20000000,,,,,,
Equatorial Guinea,17,Multinational - Nigeria-Niger-Benin-Burkina Faso Power Interconnection Project,36500000,Power,Sovereign,Implementation,https://africa-energy-portal.org/aep/country/equatorial-guinea,Africa Energy Portal,,,,,,,,,,,,,,,,,,,36500000,,,,,,
Equatorial Guinea,17,Djibouti – Geothermal Exploration Project in the Lake Assal Region,10740000,Power,Sovereign,Implementation,https://africa-energy-portal.org/aep/country/equatorial-guinea,Africa Energy Portal,,,,,,,,,,,,,,,,,,,10740000,,,,,,
Equatorial Guinea,17,Multinational - Projet d’interconnexion électrique Cameroun- Tchad (composante Tchad),27500000,Power,Sovereign,Implementation,https://africa-energy-portal.org/aep/country/equatorial-guinea,Africa Energy Portal,,,,,,,,,,,,,,,,,,,27500000,,,,,,
Equatorial Guinea,17,Madagascar - Etude de faisabilité du projet de renforcement et d'interconnexion des réseaux de transport d'énergie électrique,1000000,Power,Sovereign,Implementation,https://africa-energy-portal.org/aep/country/equatorial-guinea,Africa Energy Portal,,,,,,,,,,,,,,,,,,,1000000,,,,,,
Equatorial Guinea,17,Multinational - 225KV Guinea-Mali Electricity Interconnection Project,30000000,Power,Sovereign,Implementation,https://africa-energy-portal.org/aep/country/equatorial-guinea,Africa Energy Portal,,,,,,,,,,,,,,,,,,,30000000,,,,,,
Equatorial Guinea,17,Mali - Mini Hydropower Plants and Related Distribution Networks Development Project (PDM-Hydro),20000000,Power,Sovereign,Implementation,https://africa-energy-portal.org/aep/country/equatorial-guinea,Africa Energy Portal,,,,,,,,,,,,,,,,,,,20000000,,,,,,
Eritrea,18,Multinational - Nigeria-Niger-Benin-Burkina Faso Power Interconnection Project,36500000,Power,Sovereign,Implementation,https://africa-energy-portal.org/aep/country/eritrea,Africa Energy Portal,,,,,,,,,,,,,,,,,,,36500000,,,,,,
Eritrea,18,Djibouti – Geothermal Exploration Project in the Lake Assal Region,10740000,Power,Sovereign,Implementation,https://africa-energy-portal.org/aep/country/eritrea,Africa Energy Portal,,,,,,,,,,,,,,,,,,,10740000,,,,,,
Eritrea,18,Multinational - Projet d’interconnexion électrique Cameroun- Tchad (composante Tchad),27500000,Power,Sovereign,Implementation,https://africa-energy-portal.org/aep/country/eritrea,Africa Energy Portal,,,,,,,,,,,,,,,,,,,27500000,,,,,,
Eritrea,18,Madagascar - Etude de faisabilité du projet de renforcement et d'interconnexion des réseaux de transport d'énergie électrique,1000000,Power,Sovereign,Implementation,https://africa-energy-portal.org/aep/country/eritrea,Africa Energy Portal,,,,,,,,,,,,,,,,,,,1000000,,,,,,
Eritrea,18,Multinational - 225KV Guinea-Mali Electricity Interconnection Project,30000000,Power,Sovereign,Implementation,https://africa-energy-portal.org/aep/country/eritrea,Africa Energy Portal,,,,,,,,,,,,,,,,,,,30000000,,,,,,
Eritrea,18,Mali - Mini Hydropower Plants and Related Distribution Networks Development Project (PDM-Hydro),20000000,Power,Sovereign,Implementation,https://africa-energy-portal.org/aep/country/eritrea,Africa Energy Portal,,,,,,,,,,,,,,,,,,,20000000,,,,,,
Eswatini,19,Multinational - Nigeria-Niger-Benin-Burkina Faso Power Interconnection Project,36500000,Power,Sovereign,Implementation,https://africa-energy-portal.org/aep/country/eswatini,Africa Energy Portal,,,,,,,,,,,,,,,,,,,36500000,,,,,,
Eswatini,19,Djibouti – Geothermal Exploration Project in the Lake Assal Region,10740000,Power,Sovereign,Implementation,https://africa-energy-portal.org/aep/country/eswatini,Africa Energy Portal,,,,,,,,,,,,,,,,,,,10740000,,,,,,
Eswatini,19,Multinational - Projet d’interconnexion électrique Cameroun- Tchad (composante Tchad),27500000,Power,Sovereign,Implementation,https://africa-energy-portal.org/aep/country/eswatini,Africa Energy Portal,,,,,,,,,,,,,,,,,,,27500000,,,,,,
Eswatini,19,Madagascar - Etude de faisabilité du projet de renforcement et d'interconnexion des réseaux de transport d'énergie électrique,1000000,Power,Sovereign,Implementation,https://africa-energy-portal.org/aep/country/eswatini,Africa Energy Portal,,,,,,,,,,,,,,,,,,,1000000,,,,,,
Eswatini,19,Multinational - 225KV Guinea-Mali Electricity Interconnection Project,30000000,Power,Sovereign,Implementation,https://africa-energy-portal.org/aep/country/eswatini,Africa Energy Portal,,,,,,,,,,,,,,,,,,,30000000,,,,,,
Eswatini,19,Mali - Mini Hydropower Plants and Related Distribution Networks Development Project (PDM-Hydro),20000000,Power,Sovereign,Implementation,https://africa-energy-portal.org/aep/country/eswatini,Africa Energy Portal,,,,,,,,,,,,,,,,,,,20000000,,,,,,
Ethiopia,20,Multinational - Nigeria-Niger-Benin-Burkina Faso Power Interconnection Project,36500000,Power,Sovereign,Implementation,https://africa-energy-portal.org/aep/country/ethiopia,Africa Energy Portal,,,,,,,,,,,,,,,,,,,36500000,,,,,,
Ethiopia,20,Djibouti – Geothermal Exploration Project in the Lake Assal Region,10740000,Power,Sovereign,Implementation,https://africa-energy-portal.org/aep/country/ethiopia,Africa Energy Portal,,,,,,,,,,,,,,,,,,,10740000,,,,,,
Ethiopia,20,Multinational - Projet d’interconnexion électrique Cameroun- Tchad (composante Tchad),27500000,Power,Sovereign,Implementation,https://africa-energy-portal.org/aep/country/ethiopia,Africa Energy Portal,,,,,,,,,,,,,,,,,,,27500000,,,,,,
Ethiopia,20,Madagascar - Etude de faisabilité du projet de renforcement et d'interconnexion des réseaux de transport d'énergie électrique,1000000,Power,Sovereign,Implementation,https://africa-energy-portal.org/aep/country/ethiopia,Africa Energy Portal,,,,,,,,,,,,,,,,,,,1000000,,,,,,
Ethiopia,20,Multinational - 225KV Guinea-Mali Electricity Interconnection Project,30000000,Power,Sovereign,Implementation,https://africa-energy-portal.org/aep/country/ethiopia,Africa Energy Portal,,,,,,,,,,,,,,,,,,,30000000,,,,,,
Ethiopia,20,Mali - Mini Hydropower Plants and Related Distribution Networks Development Project (PDM-Hydro),20000000,Power,Sovereign,Implementation,https://africa-energy-portal.org/aep/country/ethiopia,Africa Energy Portal,,,,,,,,,,,,,,,,,,,20000000,,,,,,
Gabon,21,Multinational - Nigeria-Niger-Benin-Burkina Faso Power Interconnection Project,36500000,Power,Sovereign,Implementation,https://africa-energy-portal.org/aep/country/gabon,Africa Energy Portal,,,,,,,,,,,,,,,,,,,36500000,,,,,,
Gabon,21,Djibouti – Geothermal Exploration Project in the Lake Assal Region,10740000,Power,Sovereign,Implementation,https://africa-energy-portal.org/aep/country/gabon,Africa Energy Portal,,,,,,,,,,,,,,,,,,,10740000,,,,,,
Gabon,21,Multinational - Projet d’interconnexion électrique Cameroun- Tchad (composante Tchad),27500000,Power,Sovereign,Implementation,https://africa-energy-portal.org/aep/country/gabon,Africa Energy Portal,,,,,,,,,,,,,,,,,,,27500000,,,,,,
Gabon,21,Madagascar - Etude de faisabilité du projet de renforcement et d'interconnexion des réseaux de transport d'énergie électrique,1000000,Power,Sovereign,Implementation,https://africa-energy-portal.org/aep/country/gabon,Africa Energy Portal,,,,,,,,,,,,,,,,,,,1000000,,,,,,
Gabon,21,Multinational - 225KV Guinea-Mali Electricity Interconnection Project,30000000,Power,Sovereign,Implementation,https://africa-energy-portal.org/aep/country/gabon,Africa Energy Portal,,,,,,,,,,,,,,,,,,,30000000,,,,,,
Gabon,21,Mali - Mini Hydropower Plants and Related Distribution Networks Development Project (PDM-Hydro),20000000,Power,Sovereign,Implementation,https://africa-energy-portal.org/aep/country/gabon,Africa Energy Portal,,,,,,,,,,,,,,,,,,,20000000,,,,,,
Gambia,22,Multinational - Nigeria-Niger-Benin-Burkina Faso Power Interconnection Project,36500000,Power,Sovereign,Implementation,https://africa-energy-portal.org/aep/country/gambia,Africa Energy Portal,,,,,,,,,,,,,,,,,,,36500000,,,,,,
Gambia,22,Djibouti – Geothermal Exploration Project in the Lake Assal Region,10740000,Power,Sovereign,Implementation,https://africa-energy-portal.org/aep/country/gambia,Africa Energy Portal,,,,,,,,,,,,,,,,,,,10740000,,,,,,
Gambia,22,Multinational - Projet d’interconnexion électrique Cameroun- Tchad (composante Tchad),27500000,Power,Sovereign,Implementation,https://africa-energy-portal.org/aep/country/gambia,Africa Energy Portal,,,,,,,,,,,,,,,,,,,27500000,,,,,,
Gambia,22,Madagascar - Etude de faisabilité du projet de renforcement et d'interconnexion des réseaux de transport d'énergie électrique,1000000,Power,Sovereign,Implementation,https://africa-energy-portal.org/aep/country/gambia,Africa Energy Portal,,,,,,,,,,,,,,,,,,,1000000,,,,,,
Gambia,22,Multinational - 225KV Guinea-Mali Electricity Interconnection Project,30000000,Power,Sovereign,Implementation,https://africa-energy-portal.org/aep/country/gambia,Africa Energy Portal,,,,,,,,,,,,,,,,,,,30000000,,,,,,
Gambia,22,Mali - Mini Hydropower Plants and Related Distribution Networks Development Project (PDM-Hydro),20000000,Power,Sovereign,Implementation,https://africa-energy-portal.org/aep/country/gambia,Africa Energy Portal,,,,,,,,,,,,,,,,,,,20000000,,,,,,
Ghana,23,Multinational - Nigeria-Niger-Benin-Burkina Faso Power Interconnection Project,36500000,Power,Sovereign,Implementation,https://africa-energy-portal.org/aep/country/ghana,Africa Energy Portal,,,,,,,,,,,,,,,,,,,36500000,,,,,,
Ghana,23,Djibouti – Geothermal Exploration Project in the Lake Assal Region,10740000,Power,Sovereign,Implementation,https://africa-energy-portal.org/aep/country/ghana,Africa Energy Portal,,,,,,,,,,,,,,,,,,,10740000,,,,,,
Ghana,23,Multinational - Projet d’interconnexion électrique Cameroun- Tchad (composante Tchad),27500000,Power,Sovereign,Implementation,https://africa-energy-portal.org/aep/country/ghana,Africa Energy Portal,,,,,,,,,,,,,,,,,,,27500000,,,,,,
Ghana,23,Madagascar - Etude de faisabilité du projet de renforcement et d'interconnexion des réseaux de transport d'énergie électrique,1000000,Power,Sovereign,Implementation,https://africa-energy-portal.org/aep/country/ghana,Africa Energy Portal,,,,,,,,,,,,,,,,,,,1000000,,,,,,
Ghana,23,Multinational - 225KV Guinea-Mali Electricity Interconnection Project,30000000,Power,Sovereign,Implementation,https://africa-energy-portal.org/aep/country/ghana,Africa Energy Portal,,,,,,,,,,,,,,,,,,,30000000,,,,,,
Ghana,23,Mali - Mini Hydropower Plants and Related Distribution Networks Development Project (PDM-Hydro),20000000,Power,Sovereign,Implementation,https://africa-energy-portal.org/aep/country/ghana,Africa Energy Portal,,,,,,,,,,,,,,,,,,,20000000,,,,,,
Guinea,24,Multinational - Nigeria-Niger-Benin-Burkina Faso Power Interconnection Project,36500000,Power,Sovereign,Implementation,https://africa-energy-portal.org/aep/country/guinea,Africa Energy Portal,,,,,,,,,,,,,,,,,,,36500000,,,,,,
Guinea,24,Djibouti – Geothermal Exploration Project in the Lake Assal Region,10740000,Power,Sovereign,Implementation,https://africa-energy-portal.org/aep/country/guinea,Africa Energy Portal,,,,,,,,,,,,,,,,,,,10740000,,,,,,
Guinea,24,Multinational - Projet d’interconnexion électrique Cameroun- Tchad (composante Tchad),27500000,Power,Sovereign,Implementation,https://africa-energy-portal.org/aep/country/guinea,Africa Energy Portal,,,,,,,,,,,,,,,,,,,27500000,,,,,,
Guinea,24,Madagascar - Etude de faisabilité du projet de renforcement et d'interconnexion des réseaux de transport d'énergie électrique,1000000,Power,Sovereign,Implementation,https://africa-energy-portal.org/aep/country/guinea,Africa Energy Portal,,,,,,,,,,,,,,,,,,,1000000,,,,,,
Guinea,24,Multinational - 225KV Guinea-Mali Electricity Interconnection Project,30000000,Power,Sovereign,Implementation,https://africa-energy-portal.org/aep/country/guinea,Africa Energy Portal,,,,,,,,,,,,,,,,,,,30000000,,,,,,
Guinea,24,Mali - Mini Hydropower Plants and Related Distribution Networks Development Project (PDM-Hydro),20000000,Power,Sovereign,Implementation,https://africa-energy-portal.org/aep/country/guinea,Africa Energy Portal,,,,,,,,,,,,,,,,,,,20000000,,,,,,
Guinea Bissau,25,Multinational - Nigeria-Niger-Benin-Burkina Faso Power Interconnection Project,36500000,Power,Sovereign,Implementation,https://africa-energy-portal.org/aep/country/guinea-bissau,Africa Energy Portal,,,,,,,,,,,,,,,,,,,36500000,,,,,,
Guinea Bissau,25,Djibouti – Geothermal Exploration Project in the Lake Assal Region,10740000,Power,Sovereign,Implementation,https://africa-energy-portal.org/aep/country/guinea-bissau,Africa Energy Portal,,,,,,,,,,,,,,,,,,,10740000,,,,,,
Guinea Bissau,25,Multinational - Projet d’interconnexion électrique Cameroun- Tchad (composante Tchad),27500000,Power,Sovereign,Implementation,https://africa-energy-portal.org/aep/country/guinea-bissau,Africa Energy Portal,,,,,,,,,,,,,,,,,,,27500000,,,,,,
Guinea Bissau,25,Madagascar - Etude de faisabilité du projet de renforcement et d'interconnexion des réseaux de transport d'énergie électrique,1000000,Power,Sovereign,Implementation,https://africa-energy-portal.org/aep/country/guinea-bissau,Africa Energy Portal,,,,,,,,,,,,,,,,,,,1000000,,,,,,
Guinea Bissau,25,Multinational - 225KV Guinea-Mali Electricity Interconnection Project,30000000,Power,Sovereign,Implementation,https://africa-energy-portal.org/aep/country/guinea-bissau,Africa Energy Portal,,,,,,,,,,,,,,,,,,,30000000,,,,,,
Guinea Bissau,25,Mali - Mini Hydropower Plants and Related Distribution Networks Development Project (PDM-Hydro),20000000,Power,Sovereign,Implementation,https://africa-energy-portal.org/aep/country/guinea-bissau,Africa Energy Portal,,,,,,,,,,,,,,,,,,,20000000,,,,,,
Kenya,26,Multinational - Nigeria-Niger-Benin-Burkina Faso Power Interconnection Project,36500000,Power,Sovereign,Implementation,https://africa-energy-portal.org/aep/country/kenya,Africa Energy Portal,,,,,,,,,,,,,,,,,,,36500000,,,,,,
Kenya,26,Djibouti – Geothermal Exploration Project in the Lake Assal Region,10740000,Power,Sovereign,Implementation,https://africa-energy-portal.org/aep/country/kenya,Africa Energy Portal,,,,,,,,,,,,,,,,,,,10740000,,,,,,
Kenya,26,Multinational - Projet d’interconnexion électrique Cameroun- Tchad (composante Tchad),27500000,Power,Sovereign,Implementation,https://africa-energy-portal.org/aep/country/kenya,Africa Energy Portal,,,,,,,,,,,,,,,,,,,27500000,,,,,,
Kenya,26,Madagascar - Etude de faisabilité du projet de renforcement et d'interconnexion des réseaux de transport d'énergie électrique,1000000,Power,Sovereign,Implementation,https://africa-energy-portal.org/aep/country/kenya,Africa Energy Portal,,,,,,,,,,,,,,,,,,,1000000,,,,,,
Kenya,26,Multinational - 225KV Guinea-Mali Electricity Interconnection Project,30000000,Power,Sovereign,Implementation,https://africa-energy-portal.org/aep/country/kenya,Africa Energy Portal,,,,,,,,,,,,,,,,,,,30000000,,,,,,
Kenya,26,Mali - Mini Hydropower Plants and Related Distribution Networks Development Project (PDM-Hydro),20000000,Power,Sovereign,Implementation,https://africa-energy-portal.org/aep/country/kenya,Africa Energy Portal,,,,,,,,,,,,,,,,,,,20000000,,,,,,
Lesotho,27,Multinational - Nigeria-Niger-Benin-Burkina Faso Power Interconnection Project,36500000,Power,Sovereign,Implementation,https://africa-energy-portal.org/aep/country/lesotho,Africa Energy Portal,,,,,,,,,,,,,,,,,,,36500000,,,,,,
Lesotho,27,Djibouti – Geothermal Exploration Project in the Lake Assal Region,10740000,Power,Sovereign,Implementation,https://africa-energy-portal.org/aep/country/lesotho,Africa Energy Portal,,,,,,,,,,,,,,,,,,,10740000,,,,,,
Lesotho,27,Multinational - Projet d’interconnexion électrique Cameroun- Tchad (composante Tchad),27500000,Power,Sovereign,Implementation,https://africa-energy-portal.org/aep/country/lesotho,Africa Energy Portal,,,,,,,,,,,,,,,,,,,27500000,,,,,,
Lesotho,27,Madagascar - Etude de faisabilité du projet de renforcement et d'interconnexion des réseaux de transport d'énergie électrique,1000000,Power,Sovereign,Implementation,https://africa-energy-portal.org/aep/country/lesotho,Africa Energy Portal,,,,,,,,,,,,,,,,,,,1000000,,,,,,
Lesotho,27,Multinational - 225KV Guinea-Mali Electricity Interconnection Project,30000000,Power,Sovereign,Implementation,https://africa-energy-portal.org/aep/country/lesotho,Africa Energy Portal,,,,,,,,,,,,,,,,,,,30000000,,,,,,
Lesotho,27,Mali - Mini Hydropower Plants and Related Distribution Networks Development Project (PDM-Hydro),20000000,Power,Sovereign,Implementation,https://africa-energy-portal.org/aep/country/lesotho,Africa Energy Portal,,,,,,,,,,,,,,,,,,,20000000,,,,,,
Liberia,28,Multinational - Nigeria-Niger-Benin-Burkina Faso Power Interconnection Project,36500000,Power,Sovereign,Implementation,https://africa-energy-portal.org/aep/country/liberia,Africa Energy Portal,,,,,,,,,,,,,,,,,,,36500000,,,,,,
Liberia,28,Djibouti – Geothermal Exploration Project in the Lake Assal Region,10740000,Power,Sovereign,Implementation,https://africa-energy-portal.org/aep/country/liberia,Africa Energy Portal,,,,,,,,,,,,,,,,,,,10740000,,,,,,
Liberia,28,Multinational - Projet d’interconnexion électrique Cameroun- Tchad (composante Tchad),27500000,Power,Sovereign,Implementation,https://africa-energy-portal.org/aep/country/liberia,Africa Energy Portal,,,,,,,,,,,,,,,,,,,27500000,,,,,,
Liberia,28,Madagascar - Etude de faisabilité du projet de renforcement et d'interconnexion des réseaux de transport d'énergie électrique,1000000,Power,Sovereign,Implementation,https://africa-energy-portal.org/aep/country/liberia,Africa Energy Portal,,,,,,,,,,,,,,,,,,,1000000,,,,,,
Liberia,28,Multinational - 225KV Guinea-Mali Electricity Interconnection Project,30000000,Power,Sovereign,Implementation,https://africa-energy-portal.org/aep/country/liberia,Africa Energy Portal,,,,,,,,,,,,,,,,,,,30000000,,,,,,
Liberia,28,Mali - Mini Hydropower Plants and Related Distribution Networks Development Project (PDM-Hydro),20000000,Power,Sovereign,Implementation,https://africa-energy-portal.org/aep/country/liberia,Africa Energy Portal,,,,,,,,,,,,,,,,,,,20000000,,,,,,
Libya,29,Multinational - Nigeria-Niger-Benin-Burkina Faso Power Interconnection Project,36500000,Power,Sovereign,Implementation,https://africa-energy-portal.org/aep/country/libya,Africa Energy Portal,,,,,,,,,,,,,,,,,,,36500000,,,,,,
Libya,29,Djibouti – Geothermal Exploration Project in the Lake Assal Region,10740000,Power,Sovereign,Implementation,https://africa-energy-portal.org/aep/country/libya,Africa Energy Portal,,,,,,,,,,,,,,,,,,,10740000,,,,,,
Libya,29,Multinational - Projet d’interconnexion électrique Cameroun- Tchad (composante Tchad),27500000,Power,Sovereign,Implementation,https://africa-energy-portal.org/aep/country/libya,Africa Energy Portal,,,,,,,,,,,,,,,,,,,27500000,,,,,,
Libya,29,Madagascar - Etude de faisabilité du projet de renforcement et d'interconnexion des réseaux de transport d'énergie électrique,1000000,Power,Sovereign,Implementation,https://africa-energy-portal.org/aep/country/libya,Africa Energy Portal,,,,,,,,,,,,,,,,,,,1000000,,,,,,
Libya,29,Multinational - 225KV Guinea-Mali Electricity Interconnection Project,30000000,Power,Sovereign,Implementation,https://africa-energy-portal.org/aep/country/libya,Africa Energy Portal,,,,,,,,,,,,,,,,,,,30000000,,,,,,
Libya,29,Mali - Mini Hydropower Plants and Related Distribution Networks Development Project (PDM-Hydro),20000000,Power,Sovereign,Implementation,https://africa-energy-portal.org/aep/country/libya,Africa Energy Portal,,,,,,,,,,,,,,,,,,,20000000,,,,,,
Madagascar,30,Multinational - Nigeria-Niger-Benin-Burkina Faso Power Interconnection Project,36500000,Power,Sovereign,Implementation,https://africa-energy-portal.org/aep/country/madagascar,Africa Energy Portal,,,,,,,,,,,,,,,,,,,36500000,,,,,,
Madagascar,30,Djibouti – Geothermal Exploration Project in the Lake Assal Region,10740000,Power,Sovereign,Implementation,https://africa-energy-portal.org/aep/country/madagascar,Africa Energy Portal,,,,,,,,,,,,,,,,,,,10740000,,,,,,
Madagascar,30,Multinational - Projet d’interconnexion électrique Cameroun- Tchad (composante Tchad),27500000,Power,Sovereign,Implementation,https://africa-energy-portal.org/aep/country/madagascar,Africa Energy Portal,,,,,,,,,,,,,,,,,,,27500000,,,,,,
Madagascar,30,Madagascar - Etude de faisabilité du projet de renforcement et d'interconnexion des réseaux de transport d'énergie électrique,1000000,Power,Sovereign,Implementation,https://africa-energy-portal.org/aep/country/madagascar,Africa Energy Portal,,,,,,,,,,,,,,,,,,,1000000,,,,,,
Madagascar,30,Multinational - 225KV Guinea-Mali Electricity Interconnection Project,30000000,Power,Sovereign,Implementation,https://africa-energy-portal.org/aep/country/madagascar,Africa Energy Portal,,,,,,,,,,,,,,,,,,,30000000,,,,,,
Madagascar,30,Mali - Mini Hydropower Plants and Related Distribution Networks Development Project (PDM-Hydro),20000000,Power,Sovereign,Implementation,https://africa-energy-portal.org/aep/country/madagascar,Africa Energy Portal,,,,,,,,,,,,,,,,,,,20000000,,,,,,
Malawi,31,Multinational - Nigeria-Niger-Benin-Burkina Faso Power Interconnection Project,36500000,Power,Sovereign,Implementation,https://africa-energy-portal.org/aep/country/malawi,Africa Energy Portal,,,,,,,,,,,,,,,,,,,36500000,,,,,,
Malawi,31,Djibouti – Geothermal Exploration Project in the Lake Assal Region,10740000,Power,Sovereign,Implementation,https://africa-energy-portal.org/aep/country/malawi,Africa Energy Portal,,,,,,,,,,,,,,,,,,,10740000,,,,,,
Malawi,31,Multinational - Projet d’interconnexion électrique Cameroun- Tchad (composante Tchad),27500000,Power,Sovereign,Implementation,https://africa-energy-portal.org/aep/country/malawi,Africa Energy Portal,,,,,,,,,,,,,,,,,,,27500000,,,,,,
Malawi,31,Madagascar - Etude de faisabilité du projet de renforcement et d'interconnexion des réseaux de transport d'énergie électrique,1000000,Power,Sovereign,Implementation,https://africa-energy-portal.org/aep/country/malawi,Africa Energy Portal,,,,,,,,,,,,,,,,,,,1000000,,,,,,
Malawi,31,Multinational - 225KV Guinea-Mali Electricity Interconnection Project,30000000,Power,Sovereign,Implementation,https://africa-energy-portal.org/aep/country/malawi,Africa Energy Portal,,,,,,,,,,,,,,,,,,,30000000,,,,,,
Malawi,31,Mali - Mini Hydropower Plants and Related Distribution Networks Development Project (PDM-Hydro),20000000,Power,Sovereign,Implementation,https://africa-energy-portal.org/aep/country/malawi,Africa Energy Portal,,,,,,,,,,,,,,,,,,,20000000,,,,,,
Mali,32,Multinational - Nigeria-Niger-Benin-Burkina Faso Power Interconnection Project,36500000,Power,Sovereign,Implementation,https://africa-energy-portal.org/aep/country/mali,Africa Energy Portal,,,,,,,,,,,,,,,,,,,36500000,,,,,,
Mali,32,Djibouti – Geothermal Exploration Project in the Lake Assal Region,10740000,Power,Sovereign,Implementation,https://africa-energy-portal.org/aep/country/mali,Africa Energy Portal,,,,,,,,,,,,,,,,,,,10740000,,,,,,
Mali,32,Multinational - Projet d’interconnexion électrique Cameroun- Tchad (composante Tchad),27500000,Power,Sovereign,Implementation,https://africa-energy-portal.org/aep/country/mali,Africa Energy Portal,,,,,,,,,,,,,,,,,,,27500000,,,,,,
Mali,32,Madagascar - Etude de faisabilité du projet de renforcement et d'interconnexion des réseaux de transport d'énergie électrique,1000000,Power,Sovereign,Implementation,https://africa-energy-portal.org/aep/country/mali,Africa Energy Portal,,,,,,,,,,,,,,,,,,,1000000,,,,,,
Mali,32,Multinational - 225KV Guinea-Mali Electricity Interconnection Project,30000000,Power,Sovereign,Implementation,https://africa-energy-portal.org/aep/country/mali,Africa Energy Portal,,,,,,,,,,,,,,,,,,,30000000,,,,,,
Mali,32,Mali - Mini Hydropower Plants and Related Distribution Networks Development Project (PDM-Hydro),20000000,Power,Sovereign,Implementation,https://africa-energy-portal.org/aep/country/mali,Africa Energy Portal,,,,,,,,,,,,,,,,,,,20000000,,,,,,
Mauritania,33,Multinational - Nigeria-Niger-Benin-Burkina Faso Power Interconnection Project,36500000,Power,Sovereign,Implementation,https://africa-energy-portal.org/aep/country/mauritania,Africa Energy Portal,,,,,,,,,,,,,,,,,,,36500000,,,,,,
Mauritania,33,Djibouti – Geothermal Exploration Project in the Lake Assal Region,10740000,Power,Sovereign,Implementation,https://africa-energy-portal.org/aep/country/mauritania,Africa Energy Portal,,,,,,,,,,,,,,,,,,,10740000,,,,,,
Mauritania,33,Multinational - Projet d’interconnexion électrique Cameroun- Tchad (composante Tchad),27500000,Power,Sovereign,Implementation,https://africa-energy-portal.org/aep/country/mauritania,Africa Energy Portal,,,,,,,,,,,,,,,,,,,27500000,,,,,,
Mauritania,33,Madagascar - Etude de faisabilité du projet de renforcement et d'interconnexion des réseaux de transport d'énergie électrique,1000000,Power,Sovereign,Implementation,https://africa-energy-portal.org/aep/country/mauritania,Africa Energy Portal,,,,,,,,,,,,,,,,,,,1000000,,,,,,
Mauritania,33,Multinational - 225KV Guinea-Mali Electricity Interconnection Project,30000000,Power,Sovereign,Implementation,https://africa-energy-portal.org/aep/country/mauritania,Africa Energy Portal,,,,,,,,,,,,,,,,,,,30000000,,,,,,
Mauritania,33,Mali - Mini Hydropower Plants and Related Distribution Networks Development Project (PDM-Hydro),20000000,Power,Sovereign,Implementation,https://africa-energy-portal.org/aep/country/mauritania,Africa Energy Portal,,,,,,,,,,,,,,,,,,,20000000,,,,,,
Mauritius,34,Multinational - Nigeria-Niger-Benin-Burkina Faso Power Interconnection Project,36500000,Power,Sovereign,Implementation,https://africa-energy-portal.org/aep/country/mauritius,Africa Energy Portal,,,,,,,,,,,,,,,,,,,36500000,,,,,,
Mauritius,34,Djibouti – Geothermal Exploration Project in the Lake Assal Region,10740000,Power,Sovereign,Implementation,https://africa-energy-portal.org/aep/country/mauritius,Africa Energy Portal,,,,,,,,,,,,,,,,,,,10740000,,,,,,
Mauritius,34,Multinational - Projet d’interconnexion électrique Cameroun- Tchad (composante Tchad),27500000,Power,Sovereign,Implementation,https://africa-energy-portal.org/aep/country/mauritius,Africa Energy Portal,,,,,,,,,,,,,,,,,,,27500000,,,,,,
Mauritius,34,Madagascar - Etude de faisabilité du projet de renforcement et d'interconnexion des réseaux de transport d'énergie électrique,1000000,Power,Sovereign,Implementation,https://africa-energy-portal.org/aep/country/mauritius,Africa Energy Portal,,,,,,,,,,,,,,,,,,,1000000,,,,,,
Mauritius,34,Multinational - 225KV Guinea-Mali Electricity Interconnection Project,30000000,Power,Sovereign,Implementation,https://africa-energy-portal.org/aep/country/mauritius,Africa Energy Portal,,,,,,,,,,,,,,,,,,,30000000,,,,,,
Mauritius,34,Mali - Mini Hydropower Plants and Related Distribution Networks Development Project (PDM-Hydro),20000000,Power,Sovereign,Implementation,https://africa-energy-portal.org/aep/country/mauritius,Africa Energy Portal,,,,,,,,,,,,,,,,,,,20000000,,,,,,
Morocco,35,Multinational - Nigeria-Niger-Benin-Burkina Faso Power Interconnection Project,36500000,Power,Sovereign,Implementation,https://africa-energy-portal.org/aep/country/morocco,Africa Energy Portal,,,,,,,,,,,,,,,,,,,36500000,,,,,,
Morocco,35,Djibouti – Geothermal Exploration Project in the Lake Assal Region,10740000,Power,Sovereign,Implementation,https://africa-energy-portal.org/aep/country/morocco,Africa Energy Portal,,,,,,,,,,,,,,,,,,,10740000,,,,,,
Morocco,35,Multinational - Projet d’interconnexion électrique Cameroun- Tchad (composante Tchad),27500000,Power,Sovereign,Implementation,https://africa-energy-portal.org/aep/country/morocco,Africa Energy Portal,,,,,,,,,,,,,,,,,,,27500000,,,,,,
Morocco,35,Madagascar - Etude de faisabilité du projet de renforcement et d'interconnexion des réseaux de transport d'énergie électrique,1000000,Power,Sovereign,Implementation,https://africa-energy-portal.org/aep/country/morocco,Africa Energy Portal,,,,,,,,,,,,,,,,,,,1000000,,,,,,
Morocco,35,Multinational - 225KV Guinea-Mali Electricity Interconnection Project,30000000,Power,Sovereign,Implementation,https://africa-energy-portal.org/aep/country/morocco,Africa Energy Portal,,,,,,,,,,,,,,,,,,,30000000,,,,,,
Morocco,35,Mali - Mini Hydropower Plants and Related Distribution Networks Development Project (PDM-Hydro),20000000,Power,Sovereign,Implementation,https://africa-energy-portal.org/aep/country/morocco,Africa Energy Portal,,,,,,,,,,,,,,,,,,,20000000,,,,,,
Mozambique,36,Multinational - Nigeria-Niger-Benin-Burkina Faso Power Interconnection Project,36500000,Power,Sovereign,Implementation,https://africa-energy-portal.org/aep/country/mozambique,Africa Energy Portal,,,,,,,,,,,,,,,,,,,36500000,,,,,,
Mozambique,36,Djibouti – Geothermal Exploration Project in the Lake Assal Region,10740000,Power,Sovereign,Implementation,https://africa-energy-portal.org/aep/country/mozambique,Africa Energy Portal,,,,,,,,,,,,,,,,,,,10740000,,,,,,
Mozambique,36,Multinational - Projet d’interconnexion électrique Cameroun- Tchad (composante Tchad),27500000,Power,Sovereign,Implementation,https://africa-energy-portal.org/aep/country/mozambique,Africa Energy Portal,,,,,,,,,,,,,,,,,,,27500000,,,,,,
Mozambique,36,Madagascar - Etude de faisabilité du projet de renforcement et d'interconnexion des réseaux de transport d'énergie électrique,1000000,Power,Sovereign,Implementation,https://africa-energy-portal.org/aep/country/mozambique,Africa Energy Portal,,,,,,,,,,,,,,,,,,,1000000,,,,,,
Mozambique,36,Multinational - 225KV Guinea-Mali Electricity Interconnection Project,30000000,Power,Sovereign,Implementation,https://africa-energy-portal.org/aep/country/mozambique,Africa Energy Portal,,,,,,,,,,,,,,,,,,,30000000,,,,,,
Mozambique,36,Mali - Mini Hydropower Plants and Related Distribution Networks Development Project (PDM-Hydro),20000000,Power,Sovereign,Implementation,https://africa-energy-portal.org/aep/country/mozambique,Africa Energy Portal,,,,,,,,,,,,,,,,,,,20000000,,,,,,
Namibia,37,Multinational - Nigeria-Niger-Benin-Burkina Faso Power Interconnection Project,36500000,Power,Sovereign,Implementation,https://africa-energy-portal.org/aep/country/namibia,Africa Energy Portal,,,,,,,,,,,,,,,,,,,36500000,,,,,,
Namibia,37,Djibouti – Geothermal Exploration Project in the Lake Assal Region,10740000,Power,Sovereign,Implementation,https://africa-energy-portal.org/aep/country/namibia,Africa Energy Portal,,,,,,,,,,,,,,,,,,,10740000,,,,,,
Namibia,37,Multinational - Projet d’interconnexion électrique Cameroun- Tchad (composante Tchad),27500000,Power,Sovereign,Implementation,https://africa-energy-portal.org/aep/country/namibia,Africa Energy Portal,,,,,,,,,,,,,,,,,,,27500000,,,,,,
Namibia,37,Madagascar - Etude de faisabilité du projet de renforcement et d'interconnexion des réseaux de transport d'énergie électrique,1000000,Power,Sovereign,Implementation,https://africa-energy-portal.org/aep/country/namibia,Africa Energy Portal,,,,,,,,,,,,,,,,,,,1000000,,,,,,
Namibia,37,Multinational - 225KV Guinea-Mali Electricity Interconnection Project,30000000,Power,Sovereign,Implementation,https://africa-energy-portal.org/aep/country/namibia,Africa Energy Portal,,,,,,,,,,,,,,,,,,,30000000,,,,,,
Namibia,37,Mali - Mini Hydropower Plants and Related Distribution Networks Development Project (PDM-Hydro),20000000,Power,Sovereign,Implementation,https://africa-energy-portal.org/aep/country/namibia,Africa Energy Portal,,,,,,,,,,,,,,,,,,,20000000,,,,,,
Niger,38,Multinational - Nigeria-Niger-Benin-Burkina Faso Power Interconnection Project,36500000,Power,Sovereign,Implementation,https://africa-energy-portal.org/aep/country/niger,Africa Energy Portal,,,,,,,,,,,,,,,,,,,36500000,,,,,,
Niger,38,Djibouti – Geothermal Exploration Project in the Lake Assal Region,10740000,Power,Sovereign,Implementation,https://africa-energy-portal.org/aep/country/niger,Africa Energy Portal,,,,,,,,,,,,,,,,,,,10740000,,,,,,
Niger,38,Multinational - Projet d’interconnexion électrique Cameroun- Tchad (composante Tchad),27500000,Power,Sovereign,Implementation,https://africa-energy-portal.org/aep/country/niger,Africa Energy Portal,,,,,,,,,,,,,,,,,,,27500000,,,,,,
Niger,38,Madagascar - Etude de faisabilité du projet de renforcement et d'interconnexion des réseaux de transport d'énergie électrique,1000000,Power,Sovereign,Implementation,https://africa-energy-portal.org/aep/country/niger,Africa Energy Portal,,,,,,,,,,,,,,,,,,,1000000,,,,,,
Niger,38,Multinational - 225KV Guinea-Mali Electricity Interconnection Project,30000000,Power,Sovereign,Implementation,https://africa-energy-portal.org/aep/country/niger,Africa Energy Portal,,,,,,,,,,,,,,,,,,,30000000,,,,,,
Niger,38,Mali - Mini Hydropower Plants and Related Distribution Networks Development Project (PDM-Hydro),20000000,Power,Sovereign,Implementation,https://africa-energy-portal.org/aep/country/niger,Africa Energy Portal,,,,,,,,,,,,,,,,,,,20000000,,,,,,
Nigeria,39,Multinational - Nigeria-Niger-Benin-Burkina Faso Power Interconnection Project,36500000,Power,Sovereign,Implementation,https://africa-energy-portal.org/aep/country/nigeria,Africa Energy Portal,,,,,,,,,,,,,,,,,,,36500000,,,,,,
Nigeria,39,Djibouti – Geothermal Exploration Project in the Lake Assal Region,10740000,Power,Sovereign,Implementation,https://africa-energy-portal.org/aep/country/nigeria,Africa Energy Portal,,,,,,,,,,,,,,,,,,,10740000,,,,,,
Nigeria,39,Multinational - Projet d’interconnexion électrique Cameroun- Tchad (composante Tchad),27500000,Power,Sovereign,Implementation,https://africa-energy-portal.org/aep/country/nigeria,Africa Energy Portal,,,,,,,,,,,,,,,,,,,27500000,,,,,,
Nigeria,39,Madagascar - Etude de faisabilité du projet de renforcement et d'interconnexion des réseaux de transport d'énergie électrique,1000000,Power,Sovereign,Implementation,https://africa-energy-portal.org/aep/country/nigeria,Africa Energy Portal,,,,,,,,,,,,,,,,,,,1000000,,,,,,
Nigeria,39,Multinational - 225KV Guinea-Mali Electricity Interconnection Project,30000000,Power,Sovereign,Implementation,https://africa-energy-portal.org/aep/country/nigeria,Africa Energy Portal,,,,,,,,,,,,,,,,,,,30000000,,,,,,
Nigeria,39,Mali - Mini Hydropower Plants and Related Distribution Networks Development Project (PDM-Hydro),20000000,Power,Sovereign,Implementation,https://africa-energy-portal.org/aep/country/nigeria,Africa Energy Portal,,,,,,,,,,,,,,,,,,,20000000,,,,,,
Rwanda,40,Multinational - Nigeria-Niger-Benin-Burkina Faso Power Interconnection Project,36500000,Power,Sovereign,Implementation,https://africa-energy-portal.org/aep/country/rwanda,Africa Energy Portal,,,,,,,,,,,,,,,,,,,36500000,,,,,,
Rwanda,40,Djibouti – Geothermal Exploration Project in the Lake Assal Region,10740000,Power,Sovereign,Implementation,https://africa-energy-portal.org/aep/country/rwanda,Africa Energy Portal,,,,,,,,,,,,,,,,,,,10740000,,,,,,
Rwanda,40,Multinational - Projet d’interconnexion électrique Cameroun- Tchad (composante Tchad),27500000,Power,Sovereign,Implementation,https://africa-energy-portal.org/aep/country/rwanda,Africa Energy Portal,,,,,,,,,,,,,,,,,,,27500000,,,,,,
Rwanda,40,Madagascar - Etude de faisabilité du projet de renforcement et d'interconnexion des réseaux de transport d'énergie électrique,1000000,Power,Sovereign,Implementation,https://africa-energy-portal.org/aep/country/rwanda,Africa Energy Portal,,,,,,,,,,,,,,,,,,,1000000,,,,,,
Rwanda,40,Multinational - 225KV Guinea-Mali Electricity Interconnection Project,30000000,Power,Sovereign,Implementation,https://africa-energy-portal.org/aep/country/rwanda,Africa Energy Portal,,,,,,,,,,,,,,,,,,,30000000,,,,,,
Rwanda,40,Mali - Mini Hydropower Plants and Related Distribution Networks Development Project (PDM-Hydro),20000000,Power,Sovereign,Implementation,https://africa-energy-portal.org/aep/country/rwanda,Africa Energy Portal,,,,,,,,,,,,,,,,,,,20000000,,,,,,
Sao Tome And Principe,41,Multinational - Nigeria-Niger-Benin-Burkina Faso Power Interconnection Project,36500000,Power,Sovereign,Implementation,https://africa-energy-portal.org/aep/country/sao-tome-and-principe,Africa Energy Portal,,,,,,,,,,,,,,,,,,,36500000,,,,,,
Sao Tome And Principe,41,Djibouti – Geothermal Exploration Project in the Lake Assal Region,10740000,Power,Sovereign,Implementation,https://africa-energy-portal.org/aep/country/sao-tome-and-principe,Africa Energy Portal,,,,,,,,,,,,,,,,,,,10740000,,,,,,
Sao Tome And Principe,41,Multinational - Projet d’interconnexion électrique Cameroun- Tchad (composante Tchad),27500000,Power,Sovereign,Implementation,https://africa-energy-portal.org/aep/country/sao-tome-and-principe,Africa Energy Portal,,,,,,,,,,,,,,,,,,,27500000,,,,,,
Sao Tome And Principe,41,Madagascar - Etude de faisabilité du projet de renforcement et d'interconnexion des réseaux de transport d'énergie électrique,1000000,Power,Sovereign,Implementation,https://africa-energy-portal.org/aep/country/sao-tome-and-principe,Africa Energy Portal,,,,,,,,,,,,,,,,,,,1000000,,,,,,
Sao Tome And Principe,41,Multinational - 225KV Guinea-Mali Electricity Interconnection Project,30000000,Power,Sovereign,Implementation,https://africa-energy-portal.org/aep/country/sao-tome-and-principe,Africa Energy Portal,,,,,,,,,,,,,,,,,,,30000000,,,,,,
Sao Tome And Principe,41,Mali - Mini Hydropower Plants and Related Distribution Networks Development Project (PDM-Hydro),20000000,Power,Sovereign,Implementation,https://africa-energy-portal.org/aep/country/sao-tome-and-principe,Africa Energy Portal,,,,,,,,,,,,,,,,,,,20000000,,,,,,
Senegal,42,Multinational - Nigeria-Niger-Benin-Burkina Faso Power Interconnection Project,36500000,Power,Sovereign,Implementation,https://africa-energy-portal.org/aep/country/senegal,Africa Energy Portal,,,,,,,,,,,,,,,,,,,36500000,,,,,,
Senegal,42,Djibouti – Geothermal Exploration Project in the Lake Assal Region,10740000,Power,Sovereign,Implementation,https://africa-energy-portal.org/aep/country/senegal,Africa Energy Portal,,,,,,,,,,,,,,,,,,,10740000,,,,,,
Senegal,42,Multinational - Projet d’interconnexion électrique Cameroun- Tchad (composante Tchad),27500000,Power,Sovereign,Implementation,https://africa-energy-portal.org/aep/country/senegal,Africa Energy Portal,,,,,,,,,,,,,,,,,,,27500000,,,,,,
Senegal,42,Madagascar - Etude de faisabilité du projet de renforcement et d'interconnexion des réseaux de transport d'énergie électrique,1000000,Power,Sovereign,Implementation,https://africa-energy-portal.org/aep/country/senegal,Africa Energy Portal,,,,,,,,,,,,,,,,,,,1000000,,,,,,
Senegal,42,Multinational - 225KV Guinea-Mali Electricity Interconnection Project,30000000,Power,Sovereign,Implementation,https://africa-energy-portal.org/aep/country/senegal,Africa Energy Portal,,,,,,,,,,,,,,,,,,,30000000,,,,,,
Senegal,42,Mali - Mini Hydropower Plants and Related Distribution Networks Development Project (PDM-Hydro),20000000,Power,Sovereign,Implementation,https://africa-energy-portal.org/aep/country/senegal,Africa Energy Portal,,,,,,,,,,,,,,,,,,,20000000,,,,,,
Seychelles,43,Multinational - Nigeria-Niger-Benin-Burkina Faso Power Interconnection Project,36500000,Power,Sovereign,Implementation,https://africa-energy-portal.org/aep/country/seychelles,Africa Energy Portal,,,,,,,,,,,,,,,,,,,36500000,,,,,,
Seychelles,43,Djibouti – Geothermal Exploration Project in the Lake Assal Region,10740000,Power,Sovereign,Implementation,https://africa-energy-portal.org/aep/country/seychelles,Africa Energy Portal,,,,,,,,,,,,,,,,,,,10740000,,,,,,
Seychelles,43,Multinational - Projet d’interconnexion électrique Cameroun- Tchad (composante Tchad),27500000,Power,Sovereign,Implementation,https://africa-energy-portal.org/aep/country/seychelles,Africa Energy Portal,,,,,,,,,,,,,,,,,,,27500000,,,,,,
Seychelles,43,Madagascar - Etude de faisabilité du projet de renforcement et d'interconnexion des réseaux de transport d'énergie électrique,1000000,Power,Sovereign,Implementation,https://africa-energy-portal.org/aep/country/seychelles,Africa Energy Portal,,,,,,,,,,,,,,,,,,,1000000,,,,,,
Seychelles,43,Multinational - 225KV Guinea-Mali Electricity Interconnection Project,30000000,Power,Sovereign,Implementation,https://africa-energy-portal.org/aep/country/seychelles,Africa Energy Portal,,,,,,,,,,,,,,,,,,,30000000,,,,,,
Seychelles,43,Mali - Mini Hydropower Plants and Related Distribution Networks Development Project (PDM-Hydro),20000000,Power,Sovereign,Implementation,https://africa-energy-portal.org/aep/country/seychelles,Africa Energy Portal,,,,,,,,,,,,,,,,,,,20000000,,,,,,
Sierra Leone,44,Multinational - Nigeria-Niger-Benin-Burkina Faso Power Interconnection Project,36500000,Power,Sovereign,Implementation,https://africa-energy-portal.org/aep/country/sierra-leone,Africa Energy Portal,,,,,,,,,,,,,,,,,,,36500000,,,,,,
Sierra Leone,44,Djibouti – Geothermal Exploration Project in the Lake Assal Region,10740000,Power,Sovereign,Implementation,https://africa-energy-portal.org/aep/country/sierra-leone,Africa Energy Portal,,,,,,,,,,,,,,,,,,,10740000,,,,,,
Sierra Leone,44,Multinational - Projet d’interconnexion électrique Cameroun- Tchad (composante Tchad),27500000,Power,Sovereign,Implementation,https://africa-energy-portal.org/aep/country/sierra-leone,Africa Energy Portal,,,,,,,,,,,,,,,,,,,27500000,,,,,,
Sierra Leone,44,Madagascar - Etude de faisabilité du projet de renforcement et d'interconnexion des réseaux de transport d'énergie électrique,1000000,Power,Sovereign,Implementation,https://africa-energy-portal.org/aep/country/sierra-leone,Africa Energy Portal,,,,,,,,,,,,,,,,,,,1000000,,,,,,
Sierra Leone,44,Multinational - 225KV Guinea-Mali Electricity Interconnection Project,30000000,Power,Sovereign,Implementation,https://africa-energy-portal.org/aep/country/sierra-leone,Africa Energy Portal,,,,,,,,,,,,,,,,,,,30000000,,,,,,
Sierra Leone,44,Mali - Mini Hydropower Plants and Related Distribution Networks Development Project (PDM-Hydro),20000000,Power,Sovereign,Implementation,https://africa-energy-portal.org/aep/country/sierra-leone,Africa Energy Portal,,,,,,,,,,,,,,,,,,,20000000,,,,,,
Somalia,45,Multinational - Nigeria-Niger-Benin-Burkina Faso Power Interconnection Project,36500000,Power,Sovereign,Implementation,https://africa-energy-portal.org/aep/country/somalia,Africa Energy Portal,,,,,,,,,,,,,,,,,,,36500000,,,,,,
Somalia,45,Djibouti – Geothermal Exploration Project in the Lake Assal Region,10740000,Power,Sovereign,Implementation,https://africa-energy-portal.org/aep/country/somalia,Africa Energy Portal,,,,,,,,,,,,,,,,,,,10740000,,,,,,
Somalia,45,Multinational - Projet d’interconnexion électrique Cameroun- Tchad (composante Tchad),27500000,Power,Sovereign,Implementation,https://africa-energy-portal.org/aep/country/somalia,Africa Energy Portal,,,,,,,,,,,,,,,,,,,27500000,,,,,,
Somalia,45,Madagascar - Etude de faisabilité du projet de renforcement et d'interconnexion des réseaux de transport d'énergie électrique,1000000,Power,Sovereign,Implementation,https://africa-energy-portal.org/aep/country/somalia,Africa Energy Portal,,,,,,,,,,,,,,,,,,,1000000,,,,,,
Somalia,45,Multinational - 225KV Guinea-Mali Electricity Interconnection Project,30000000,Power,Sovereign,Implementation,https://africa-energy-portal.org/aep/country/somalia,Africa Energy Portal,,,,,,,,,,,,,,,,,,,30000000,,,,,,
Somalia,45,Mali - Mini Hydropower Plants and Related Distribution Networks Development Project (PDM-Hydro),20000000,Power,Sovereign,Implementation,https://africa-energy-portal.org/aep/country/somalia,Africa Energy Portal,,,,,,,,,,,,,,,,,,,20000000,,,,,,
South Africa,46,Multinational - Nigeria-Niger-Benin-Burkina Faso Power Interconnection Project,36500000,Power,Sovereign,Implementation,https://africa-energy-portal.org/aep/country/south-africa,Africa Energy Portal,,,,,,,,,,,,,,,,,,,36500000,,,,,,
South Africa,46,Djibouti – Geothermal Exploration Project in the Lake Assal Region,10740000,Power,Sovereign,Implementation,https://africa-energy-portal.org/aep/country/south-africa,Africa Energy Portal,,,,,,,,,,,,,,,,,,,10740000,,,,,,
South Africa,46,Multinational - Projet d’interconnexion électrique Cameroun- Tchad (composante Tchad),27500000,Power,Sovereign,Implementation,https://africa-energy-portal.org/aep/country/south-africa,Africa Energy Portal,,,,,,,,,,,,,,,,,,,27500000,,,,,,
South Africa,46,Madagascar - Etude de faisabilité du projet de renforcement et d'interconnexion des réseaux de transport d'énergie électrique,1000000,Power,Sovereign,Implementation,https://africa-energy-portal.org/aep/country/south-africa,Africa Energy Portal,,,,,,,,,,,,,,,,,,,1000000,,,,,,
South Africa,46,Multinational - 225KV Guinea-Mali Electricity Interconnection Project,30000000,Power,Sovereign,Implementation,https://africa-energy-portal.org/aep/country/south-africa,Africa Energy Portal,,,,,,,,,,,,,,,,,,,30000000,,,,,,
South Africa,46,Mali - Mini Hydropower Plants and Related Distribution Networks Development Project (PDM-Hydro),20000000,Power,Sovereign,Implementation,https://africa-energy-portal.org/aep/country/south-africa,Africa Energy Portal,,,,,,,,,,,,,,,,,,,20000000,,,,,,
South Sudan,47,Multinational - Nigeria-Niger-Benin-Burkina Faso Power Interconnection Project,36500000,Power,Sovereign,Implementation,https://africa-energy-portal.org/aep/country/south-sudan,Africa Energy Portal,,,,,,,,,,,,,,,,,,,36500000,,,,,,
South Sudan,47,Djibouti – Geothermal Exploration Project in the Lake Assal Region,10740000,Power,Sovereign,Implementation,https://africa-energy-portal.org/aep/country/south-sudan,Africa Energy Portal,,,,,,,,,,,,,,,,,,,10740000,,,,,,
South Sudan,47,Multinational - Projet d’interconnexion électrique Cameroun- Tchad (composante Tchad),27500000,Power,Sovereign,Implementation,https://africa-energy-portal.org/aep/country/south-sudan,Africa Energy Portal,,,,,,,,,,,,,,,,,,,27500000,,,,,,
South Sudan,47,Madagascar - Etude de faisabilité du projet de renforcement et d'interconnexion des réseaux de transport d'énergie électrique,1000000,Power,Sovereign,Implementation,https://africa-energy-portal.org/aep/country/south-sudan,Africa Energy Portal,,,,,,,,,,,,,,,,,,,1000000,,,,,,
South Sudan,47,Multinational - 225KV Guinea-Mali Electricity Interconnection Project,30000000,Power,Sovereign,Implementation,https://africa-energy-portal.org/aep/country/south-sudan,Africa Energy Portal,,,,,,,,,,,,,,,,,,,30000000,,,,,,
South Sudan,47,Mali - Mini Hydropower Plants and Related Distribution Networks Development Project (PDM-Hydro),20000000,Power,Sovereign,Implementation,https://africa-energy-portal.org/aep/country/south-sudan,Africa Energy Portal,,,,,,,,,,,,,,,,,,,20000000,,,,,,
Sudan,48,Multinational - Nigeria-Niger-Benin-Burkina Faso Power Interconnection Project,36500000,Power,Sovereign,Implementation,https://africa-energy-portal.org/aep/country/sudan,Africa Energy Portal,,,,,,,,,,,,,,,,,,,36500000,,,,,,
Sudan,48,Djibouti – Geothermal Exploration Project in the Lake Assal Region,10740000,Power,Sovereign,Implementation,https://africa-energy-portal.org/aep/country/sudan,Africa Energy Portal,,,,,,,,,,,,,,,,,,,10740000,,,,,,
Sudan,48,Multinational - Projet d’interconnexion électrique Cameroun- Tchad (composante Tchad),27500000,Power,Sovereign,Implementation,https://africa-energy-portal.org/aep/country/sudan,Africa Energy Portal,,,,,,,,,,,,,,,,,,,27500000,,,,,,
Sudan,48,Madagascar - Etude de faisabilité du projet de renforcement et d'interconnexion des réseaux de transport d'énergie électrique,1000000,Power,Sovereign,Implementation,https://africa-energy-portal.org/aep/country/sudan,Africa Energy Portal,,,,,,,,,,,,,,,,,,,1000000,,,,,,
Sudan,48,Multinational - 225KV Guinea-Mali Electricity Interconnection Project,30000000,Power,Sovereign,Implementation,https://africa-energy-portal.org/aep/country/sudan,Africa Energy Portal,,,,,,,,,,,,,,,,,,,30000000,,,,,,
Sudan,48,Mali - Mini Hydropower Plants and Related Distribution Networks Development Project (PDM-Hydro),20000000,Power,Sovereign,Implementation,https://africa-energy-portal.org/aep/country/sudan,Africa Energy Portal,,,,,,,,,,,,,,,,,,,20000000,,,,,,
Tanzania,49,Multinational - Nigeria-Niger-Benin-Burkina Faso Power Interconnection Project,36500000,Power,Sovereign,Implementation,https://africa-energy-portal.org/aep/country/tanzania,Africa Energy Portal,,,,,,,,,,,,,,,,,,,36500000,,,,,,
Tanzania,49,Djibouti – Geothermal Exploration Project in the Lake Assal Region,10740000,Power,Sovereign,Implementation,https://africa-energy-portal.org/aep/country/tanzania,Africa Energy Portal,,,,,,,,,,,,,,,,,,,10740000,,,,,,
Tanzania,49,Multinational - Projet d’interconnexion électrique Cameroun- Tchad (composante Tchad),27500000,Power,Sovereign,Implementation,https://africa-energy-portal.org/aep/country/tanzania,Africa Energy Portal,,,,,,,,,,,,,,,,,,,27500000,,,,,,
Tanzania,49,Madagascar - Etude de faisabilité du projet de renforcement et d'interconnexion des réseaux de transport d'énergie électrique,1000000,Power,Sovereign,Implementation,https://africa-energy-portal.org/aep/country/tanzania,Africa Energy Portal,,,,,,,,,,,,,,,,,,,1000000,,,,,,
Tanzania,49,Multinational - 225KV Guinea-Mali Electricity Interconnection Project,30000000,Power,Sovereign,Implementation,https://africa-energy-portal.org/aep/country/tanzania,Africa Energy Portal,,,,,,,,,,,,,,,,,,,30000000,,,,,,
Tanzania,49,Mali - Mini Hydropower Plants and Related Distribution Networks Development Project (PDM-Hydro),20000000,Power,Sovereign,Implementation,https://africa-energy-portal.org/aep/country/tanzania,Africa Energy Portal,,,,,,,,,,,,,,,,,,,20000000,,,,,,
Togo,50,Multinational - Nigeria-Niger-Benin-Burkina Faso Power Interconnection Project,36500000,Power,Sovereign,Implementation,https://africa-energy-portal.org/aep/country/togo,Africa Energy Portal,,,,,,,,,,,,,,,,,,,36500000,,,,,,
Togo,50,Djibouti – Geothermal Exploration Project in the Lake Assal Region,10740000,Power,Sovereign,Implementation,https://africa-energy-portal.org/aep/country/togo,Africa Energy Portal,,,,,,,,,,,,,,,,,,,10740000,,,,,,
Togo,50,Multinational - Projet d’interconnexion électrique Cameroun- Tchad (composante Tchad),27500000,Power,Sovereign,Implementation,https://africa-energy-portal.org/aep/country/togo,Africa Energy Portal,,,,,,,,,,,,,,,,,,,27500000,,,,,,
Togo,50,Madagascar - Etude de faisabilité du projet de renforcement et d'interconnexion des réseaux de transport d'énergie électrique,1000000,Power,Sovereign,Implementation,https://africa-energy-portal.org/aep/country/togo,Africa Energy Portal,,,,,,,,,,,,,,,,,,,1000000,,,,,,
Togo,50,Multinational - 225KV Guinea-Mali Electricity Interconnection Project,30000000,Power,Sovereign,Implementation,https://africa-energy-portal.org/aep/country/togo,Africa Energy Portal,,,,,,,,,,,,,,,,,,,30000000,,,,,,
Togo,50,Mali - Mini Hydropower Plants and Related Distribution Networks Development Project (PDM-Hydro),20000000,Power,Sovereign,Implementation,https://africa-energy-portal.org/aep/country/togo,Africa Energy Portal,,,,,,,,,,,,,,,,,,,20000000,,,,,,
Tunisia,51,Multinational - Nigeria-Niger-Benin-Burkina Faso Power Interconnection Project,36500000,Power,Sovereign,Implementation,https://africa-energy-portal.org/aep/country/tunisia,Africa Energy Portal,,,,,,,,,,,,,,,,,,,36500000,,,,,,
Tunisia,51,Djibouti – Geothermal Exploration Project in the Lake Assal Region,10740000,Power,Sovereign,Implementation,https://africa-energy-portal.org/aep/country/tunisia,Africa Energy Portal,,,,,,,,,,,,,,,,,,,10740000,,,,,,
Tunisia,51,Multinational - Projet d’interconnexion électrique Cameroun- Tchad (composante Tchad),27500000,Power,Sovereign,Implementation,https://africa-energy-portal.org/aep/country/tunisia,Africa Energy Portal,,,,,,,,,,,,,,,,,,,27500000,,,,,,
Tunisia,51,Madagascar - Etude de faisabilité du projet de renforcement et d'interconnexion des réseaux de transport d'énergie électrique,1000000,Power,Sovereign,Implementation,https://africa-energy-portal.org/aep/country/tunisia,Africa Energy Portal,,,,,,,,,,,,,,,,,,,1000000,,,,,,
Tunisia,51,Multinational - 225KV Guinea-Mali Electricity Interconnection Project,30000000,Power,Sovereign,Implementation,https://africa-energy-portal.org/aep/country/tunisia,Africa Energy Portal,,,,,,,,,,,,,,,,,,,30000000,,,,,,
Tunisia,51,Mali - Mini Hydropower Plants and Related Distribution Networks Development Project (PDM-Hydro),20000000,Power,Sovereign,Implementation,https://africa-energy-portal.org/aep/country/tunisia,Africa Energy Portal,,,,,,,,,,,,,,,,,,,20000000,,,,,,
Uganda,52,Multinational - Nigeria-Niger-Benin-Burkina Faso Power Interconnection Project,36500000,Power,Sovereign,Implementation,https://africa-energy-portal.org/aep/country/uganda,Africa Energy Portal,,,,,,,,,,,,,,,,,,,36500000,,,,,,
Uganda,52,Djibouti – Geothermal Exploration Project in the Lake Assal Region,10740000,Power,Sovereign,Implementation,https://africa-energy-portal.org/aep/country/uganda,Africa Energy Portal,,,,,,,,,,,,,,,,,,,10740000,,,,,,
Uganda,52,Multinational - Projet d’interconnexion électrique Cameroun- Tchad (composante Tchad),27500000,Power,Sovereign,Implementation,https://africa-energy-portal.org/aep/country/uganda,Africa Energy Portal,,,,,,,,,,,,,,,,,,,27500000,,,,,,
Uganda,52,Madagascar - Etude de faisabilité du projet de renforcement et d'interconnexion des réseaux de transport d'énergie électrique,1000000,Power,Sovereign,Implementation,https://africa-energy-portal.org/aep/country/uganda,Africa Energy Portal,,,,,,,,,,,,,,,,,,,1000000,,,,,,
Uganda,52,Multinational - 225KV Guinea-Mali Electricity Interconnection Project,30000000,Power,Sovereign,Implementation,https://africa-energy-portal.org/aep/country/uganda,Africa Energy Portal,,,,,,,,,,,,,,,,,,,30000000,,,,,,
Uganda,52,Mali - Mini Hydropower Plants and Related Distribution Networks Development Project (PDM-Hydro),20000000,Power,Sovereign,Implementation,https://africa-energy-portal.org/aep/country/uganda,Africa Energy Portal,,,,,,,,,,,,,,,,,,,20000000,,,,,,
Zambia,53,Multinational - Nigeria-Niger-Benin-Burkina Faso Power Interconnection Project,36500000,Power,Sovereign,Implementation,https://africa-energy-portal.org/aep/country/zambia,Africa Energy Portal,,,,,,,,,,,,,,,,,,,36500000,,,,,,
Zambia,53,Djibouti – Geothermal Exploration Project in the Lake Assal Region,10740000,Power,Sovereign,Implementation,https://africa-energy-portal.org/aep/country/zambia,Africa Energy Portal,,,,,,,,,,,,,,,,,,,10740000,,,,,,
Zambia,53,Multinational - Projet d’interconnexion électrique Cameroun- Tchad (composante Tchad),27500000,Power,Sovereign,Implementation,https://africa-energy-portal.org/aep/country/zambia,Africa Energy Portal,,,,,,,,,,,,,,,,,,,27500000,,,,,,
Zambia,53,Madagascar - Etude de faisabilité du projet de renforcement et d'interconnexion des réseaux de transport d'énergie électrique,1000000,Power,Sovereign,Implementation,https://africa-energy-portal.org/aep/country/zambia,Africa Energy Portal,,,,,,,,,,,,,,,,,,,1000000,,,,,,
Zambia,53,Multinational - 225KV Guinea-Mali Electricity Interconnection Project,30000000,Power,Sovereign,Implementation,https://africa-energy-portal.org/aep/country/zambia,Africa Energy Portal,,,,,,,,,,,,,,,,,,,30000000,,,,,,
Zambia,53,Mali - Mini Hydropower Plants and Related Distribution Networks Development Project (PDM-Hydro),20000000,Power,Sovereign,Implementation,https://africa-energy-portal.org/aep/country/zambia,Africa Energy Portal,,,,,,,,,,,,,,,,,,,20000000,,,,,,
Zimbabwe,54,Multinational - Nigeria-Niger-Benin-Burkina Faso Power Interconnection Project,36500000,Power,Sovereign,Implementation,https://africa-energy-portal.org/aep/country/zimbabwe,Africa Energy Portal,,,,,,,,,,,,,,,,,,,36500000,,,,,,
Zimbabwe,54,Djibouti – Geothermal Exploration Project in the Lake Assal Region,10740000,Power,Sovereign,Implementation,https://africa-energy-portal.org/aep/country/zimbabwe,Africa Energy Portal,,,,,,,,,,,,,,,,,,,10740000,,,,,,
Zimbabwe,54,Multinational - Projet d’interconnexion électrique Cameroun- Tchad (composante Tchad),27500000,Power,Sovereign,Implementation,https://africa-energy-portal.org/aep/country/zimbabwe,Africa Energy Portal,,,,,,,,,,,,,,,,,,,27500000,,,,,,
Zimbabwe,54,Madagascar - Etude de faisabilité du projet de renforcement et d'interconnexion des réseaux de transport d'énergie électrique,1000000,Power,Sovereign,Implementation,https://africa-energy-portal.org/aep/country/zimbabwe,Africa Energy Portal,,,,,,,,,,,,,,,,,,,1000000,,,,,,
Zimbabwe,54,Multinational - 225KV Guinea-Mali Electricity Interconnection Project,30000000,Power,Sovereign,Implementation,https://africa-energy-portal.org/aep/country/zimbabwe,Africa Energy Portal,,,,,,,,,,,,,,,,,,,30000000,,,,,,
Zimbabwe,54,Mali - Mini Hydropower Plants and Related Distribution Networks Development Project (PDM-Hydro),20000000,Power,Sovereign,Implementation,https://africa-energy-portal.org/aep/country/zimbabwe,Africa Energy Portal,,,,,,,,,,,,,,,,,,,20000000,,,,,,
